source_id,source_name,country,title,url,price_eur,year,category,size,weight_range,condition,date_listed,date_found
paragliding_bazar_cz_b,Paragliding Bazar CZ – EN B,CZ,"Křídlo EN B Advance Iota DLS 25 80-100kg Nové Křídlo EN B Advance Iota DLS 25 80-100kg Nové 80 000,00 CZK EN B Velikost:",https://paragliding-bazar.cz/cs/offering/advance-iota-dls-25-80-100kg-new-6764/,,2023.0,EN B,25,,Jako nové (0-50h),,2026-04-28
paragliding_bazar_cz_b,Paragliding Bazar CZ – EN B,CZ,Křídlo EN B Ozone Rush 3 22 85-105kg Žádné SIV Nelétáno na písku Nevětveno Nekoupáno S batohem Křídlo EN B Ozone Rush 3,https://paragliding-bazar.cz/cs/offering/ozone-rush-3-22-85-105kg-no-sivs-no-flying-on-the-sand-n-6761/,450.0,2013.0,EN B,22,,Jako nové (0-50h),,2026-04-28
paragliding_bazar_cz_b,Paragliding Bazar CZ – EN B,CZ,Křídlo EN B AXIS Comet 4 105-135kg Listovaný Žádné SIV Nelétáno na písku Nevětveno Nekoupáno TK čerstvá Křídlo EN B AXIS,https://paragliding-bazar.cz/cs/offering/axis-comet-4-105-135kg-concertinas-no-sivs-no-flying-on--6757/,,2022.0,EN B,,,Jako nové (0-50h),,2026-04-28
paragliding_bazar_cz_b,Paragliding Bazar CZ – EN B,CZ,Křídlo EN B Nova Mentor 7 80-105kg Listovaný Nové TK čerstvá TK platná S listovacím obalem Křídlo EN B Nova Mentor 7 80-,https://paragliding-bazar.cz/cs/offering/nova-mentor-7-80-105kg-concertinas-new-tc-fresh-tc-valid-6747/,2750.0,2025.0,EN B,,,Jako nové (0-50h),,2026-04-28
paragliding_bazar_cz_b,Paragliding Bazar CZ – EN B,CZ,Křídlo EN B Nova Mentor 4 S 80-100kg Listovaný Žádné SIV Nelétáno na písku Nevětveno Nekoupáno TK čerstvá Křídlo EN B No,https://paragliding-bazar.cz/cs/offering/nova-mentor-4-s-80-100kg-concertinas-no-sivs-no-flying-o-6729/,,2018.0,EN B,S,,Mírně létané (50-100h),,2026-04-28
paragliding_bazar_cz_b,Paragliding Bazar CZ – EN B,CZ,Křídlo EN B Sky Country DISCOVERY 5 M 80-100kg Nevětveno Nekoupáno S batohem Křídlo EN B Sky Country DISCOVERY 5 M 80-10,https://paragliding-bazar.cz/cs/offering/sky-country-discovery-5-m-80-100kg-no-trees-no-water-wit-6727/,1250.0,2022.0,EN B,M,,Mírně létané (50-100h),,2026-04-28
paragliding_bazar_cz_b,Paragliding Bazar CZ – EN B,CZ,Křídlo EN B Gradient Golden 5 26 85-105kg Nelétáno na písku Nevětveno Nekoupáno (Součást kompletu) Křídlo EN B Gradient,https://paragliding-bazar.cz/cs/offering/gradient-golden-5-26-85-105kg-no-flying-on-the-sand-no-t-6715/,1400.0,2020.0,EN B,26,,Jako nové (0-50h),,2026-04-28
paragliding_bazar_cz_b,Paragliding Bazar CZ – EN B,CZ,Křídlo EN B Gradient Golden 5 28 95-115kg Žádné SIV Nevětveno Nekoupáno TK platná Křídlo EN B Gradient Golden 5 28 95-11,https://paragliding-bazar.cz/cs/offering/gradient-golden-5-28-95-115kg-no-sivs-no-trees-no-water--6700/,,2018.0,EN B,28,,Více létané (200-300h),,2026-04-28
paragliding_bazar_cz_b,Paragliding Bazar CZ – EN B,CZ,Křídlo EN B Sky Country DISCOVERY 5 L 95-120kg Listovaný Žádné SIV Nelétáno na písku Nekoupáno TK platná Křídlo EN B Sky,https://paragliding-bazar.cz/cs/offering/sky-country-discovery-5-l-95-120kg-concertinas-no-sivs-n-6692/,,2017.0,EN B,L,,Létané (100-200h),,2026-04-28
paragliding_bazar_cz_b,Paragliding Bazar CZ – EN B,CZ,Křídlo EN B AXIS Comet 2 L 95-120kg Listovaný Žádné SIV TK není Nelétáno na písku Nevětveno Nekoupáno Křídlo EN B AXIS C,https://paragliding-bazar.cz/cs/offering/axis-comet-2-l-95-120kg-concertinas-no-sivs-no-tc-no-fly-6691/,,2016.0,EN B,L,,Létané (100-200h),,2026-04-28
paragliding_bazar_cz_b,Paragliding Bazar CZ – EN B,CZ,Křídlo EN B Niviuk Ikuma 2 105-130kg TK platná S listovacím obalem (Součást kompletu) Křídlo EN B Niviuk Ikuma 2 105-130,https://paragliding-bazar.cz/cs/offering/niviuk-ikuma-2-105-130kg-tc-valid-with-listing-bag-6682/,,2020.0,EN B,,,Více létané (200-300h),,2026-04-28
paragliding_bazar_cz_b,Paragliding Bazar CZ – EN B,CZ,Křídlo EN B AXIS Comet 3 L 95-120kg Nelétáno na písku Nevětveno Nekoupáno TK čerstvá TOP Křídlo EN B AXIS Comet 3 L 95-1,https://paragliding-bazar.cz/cs/offering/axis-comet-3-l-95-120kg-no-flying-on-the-sand-no-trees-n-6435/,,2018.0,EN B,L,,Létané (100-200h),,2026-04-28
paragliding_bazar_cz_b,Paragliding Bazar CZ – EN B,CZ,Křídlo EN B Nova Mentor 3 80-100kg Listovaný Žádné SIV TK není Nelétáno na písku Nevětveno Nekoupáno Křídlo EN B Nova Me,https://paragliding-bazar.cz/cs/offering/nova-mentor-3-80-100kg-concertinas-no-sivs-no-tc-no-flyi-6678/,,2014.0,EN B,,,Více létané (200-300h),,2026-04-28
paragliding_bazar_cz_b,Paragliding Bazar CZ – EN B,CZ,Křídlo EN B MAC Illusion 28 90-110kg Listovaný Žádné SIV Nelétáno na písku Nevětveno Nekoupáno TK platná Křídlo EN B MAC,https://paragliding-bazar.cz/cs/offering/mac-illusion-28-90-110kg-concertinas-no-sivs-no-flying-o-6645/,,2024.0,EN B,28,,Jako nové (0-50h),,2026-04-28
paragliding_bazar_cz_b,Paragliding Bazar CZ – EN B,CZ,"Křídlo EN B UP Kibo 70-90kg Křídlo EN B UP Kibo 70-90kg 31 681,04 CZK (1 300,00 EUR) EN B Vzletová hmotnost: 70 - 90 Opo",https://paragliding-bazar.cz/cs/offering/up-kibo-70-90kg-6605/,1300.0,2023.0,EN B,,,Jako nové (0-50h),,2026-04-28
paragliding_bazar_cz_b,Paragliding Bazar CZ – EN B,CZ,Křídlo EN B AXIS Pluto 4 S 60-85kg Žádné SIV Nelétáno na písku Nekoupáno Drobné opravy S batohem Křídlo EN B AXIS Pluto,https://paragliding-bazar.cz/cs/offering/axis-pluto-4-s-60-85kg-no-sivs-no-flying-on-the-sand-no--6602/,,2021.0,EN B,S,,Jako nové (0-50h),,2026-04-28
paragliding_bazar_cz_b,Paragliding Bazar CZ – EN B,CZ,Křídlo EN B AXIS Comet 3 L 95-120kg Nelétáno na písku Nevětveno Nekoupáno TK čerstvá TK platná TOP Křídlo EN B AXIS Come,https://paragliding-bazar.cz/cs/offering/axis-comet-3-l-95-120kg-no-flying-on-the-sand-no-trees-n-6557/,,2018.0,EN B,L,,Létané (100-200h),,2026-04-28
paragliding_bazar_cz_b,Paragliding Bazar CZ – EN B,CZ,Křídlo EN B GIN Sprint 90-110kg Žádné SIV TK není Nevětveno Nekoupáno Křídlo EN B GIN Sprint 90-110kg Žádné SIV TK není,https://paragliding-bazar.cz/cs/offering/gin-sprint-90-110kg-no-sivs-no-tc-no-trees-no-water-6587/,,2009.0,EN B,,,Mírně létané (50-100h),,2026-04-28
paragliding_bazar_cz_b,Paragliding Bazar CZ – EN B,CZ,Křídlo EN B UP Summit XC 4 SM 75-100kg Listovaný Žádné SIV Nelétáno na písku TK čerstvá S batohem Křídlo EN B UP Summit,https://paragliding-bazar.cz/cs/offering/up-summit-xc-4-sm-75-100kg-concertinas-no-sivs-no-flying-6586/,,2017.0,EN B,SM,,Mírně létané (50-100h),,2026-04-28
paragliding_bazar_cz_b,Paragliding Bazar CZ – EN B,CZ,Křídlo EN B Gradient Golden 4 26 85-100kg Listovaný Žádné SIV Nelétáno na písku Nekoupáno Drobné opravy Křídlo EN B Grad,https://paragliding-bazar.cz/cs/offering/gradient-golden-4-26-85-100kg-concertinas-no-sivs-no-fly-6570/,,2016.0,EN B,26,,Létané (100-200h),,2026-04-28
paragliding_bazar_cz_b,Paragliding Bazar CZ – EN B,CZ,Křídlo EN B Advance Epsilon 10 DLS 24 65-90kg Listovaný Žádné SIV Nelétáno na písku Nevětveno Nekoupáno Křídlo EN B Adva,https://paragliding-bazar.cz/cs/offering/advance-epsilon-10-dls-24-65-90kg-concertinas-no-sivs-no-6569/,,2023.0,EN B,,,Létané (100-200h),,2026-04-28
paragliding_bazar_cz_b,Paragliding Bazar CZ – EN B,CZ,"Křídlo EN B Skywalk SKYWALK MOJITO / L 105-160kg Křídlo EN B Skywalk SKYWALK MOJITO / L 105-160kg 14 597,65 CZK (599,00",https://paragliding-bazar.cz/cs/offering/skywalk-skywalk-mojito-l-105-160kg-6558/,599.0,2015.0,EN B,,,Jako nové (0-50h),,2026-04-28
paragliding_bazar_cz_b,Paragliding Bazar CZ – EN B,CZ,Křídlo EN B Advance Iota DLS 27 95-115kg Listovaný Odlehčeno Žádné SIV Nelétáno na písku Nevětveno Nekoupán Křídlo EN B,https://paragliding-bazar.cz/cs/offering/advance-iota-dls-27-95-115kg-concertinas-lightened-no-si-6556/,2100.0,2022.0,EN B,27,,Mírně létané (50-100h),,2026-04-28
paragliding_bazar_cz_b,Paragliding Bazar CZ – EN B,CZ,Křídlo EN B Nova Mentor 6 L 100-130kg Žádné SIV Nelétáno na písku Nevětveno Nekoupáno TK platná Křídlo EN B Nova Mentor,https://paragliding-bazar.cz/cs/offering/nova-mentor-6-l-100-130kg-no-sivs-no-flying-on-the-sand--6535/,1000.0,2019.0,EN B,L,,Létané (100-200h),,2026-04-28
paragliding_bazar_cz_b,Paragliding Bazar CZ – EN B,CZ,Křídlo EN B GIN Explorer 2 M 85-105kg Listovaný Žádné SIV TK čerstvá TK platná Křídlo EN B GIN Explorer 2 M 85-105kg Lis,https://paragliding-bazar.cz/cs/offering/gin-explorer-2-m-85-105kg-concertinas-no-sivs-tc-fresh-t-6524/,,2022.0,EN B,M,,Mírně létané (50-100h),,2026-04-28
paragliding_bazar_cz_b,Paragliding Bazar CZ – EN B,CZ,Křídlo EN B Sky Country Escort 2 Plus 41 41-220kg 150 Nelétáno na písku Nevětveno TK čerstvá Tandem Křídlo EN B Sky Coun,https://paragliding-bazar.cz/cs/offering/sky-country-escort-2-plus-41-41-220kg-150-no-flying-on-t-6523/,,2024.0,EN B,41,,Jako nové (0-50h),,2026-04-28
paragliding_bazar_cz_b,Paragliding Bazar CZ – EN B,CZ,"Křídlo EN B UP Kibo 2 M 85-110kg Křídlo EN B UP Kibo 2 M 85-110kg 28 000,00 CZK (1 150,00 EUR) EN B Velikost: M Vzletová",https://paragliding-bazar.cz/cs/offering/up-kibo-2-m-85-110kg-6521/,1150.0,2020.0,EN B,M,,Mírně létané (50-100h),,2026-04-28
paragliding_bazar_cz_b,Paragliding Bazar CZ – EN B,CZ,Křídlo EN B AXIS Pluto 4 XL 105-130kg Listovaný Nelétáno na písku Nevětveno Nekoupáno TK platná Křídlo EN B AXIS Pluto 4,https://paragliding-bazar.cz/cs/offering/axis-pluto-4-xl-105-130kg-concertinas-no-flying-on-the-s-6520/,,2025.0,EN B,XL,,Jako nové (0-50h),,2026-04-28
paragliding_bazar_cz_b,Paragliding Bazar CZ – EN B,CZ,Křídlo EN B UP Kangri S 65-85kg Listovaný Odlehčeno Žádné SIV Nelétáno na písku Nevětveno Nekoupáno Křídlo EN B UP Kangr,https://paragliding-bazar.cz/cs/offering/up-kangri-s-65-85kg-concertinas-lightened-no-sivs-no-fly-6508/,1425.0,2020.0,EN B,S,,Létané (100-200h),,2026-04-28
paragliding_bazar_cz_b,Paragliding Bazar CZ – EN B,CZ,"Křídlo EN B AXIS Pluto 2 M 80-105kg TK není Křídlo EN B AXIS Pluto 2 M 80-105kg TK není 15 000,00 CZK EN B Velikost: M V",https://paragliding-bazar.cz/cs/offering/axis-pluto-2-m-80-105kg-no-tc-6503/,,2017.0,EN B,M,,Létané (100-200h),,2026-04-28
paragliding_bazar_cz_b,Paragliding Bazar CZ – EN B,CZ,Křídlo EN B Nova ION 4 80-100kg Žádné SIV TK není Nelétáno na písku Nekoupáno Křídlo EN B Nova ION 4 80-100kg Žádné SIV,https://paragliding-bazar.cz/cs/offering/nova-ion-4-80-100kg-no-sivs-no-tc-no-flying-on-the-sand--6477/,,2017.0,EN B,,,Mírně létané (50-100h),,2026-04-28
paragliding_bazar_cz_b,Paragliding Bazar CZ – EN B,CZ,Křídlo EN B BGD Base 2 M 75-95kg Listovaný Nové Žádné SIV Nelétáno na písku Nevětveno Nekoupáno TK platná Křídlo EN B BG,https://paragliding-bazar.cz/cs/offering/bgd-base-2-m-75-95kg-concertinas-new-no-sivs-no-flying-o-6441/,,2025.0,EN B,M,,Jako nové (0-50h),,2026-04-28
paragliding_bazar_cz_b,Paragliding Bazar CZ – EN B,CZ,Křídlo EN B Advance Iota DLS 25 80-100kg Listovaný Odlehčeno Žádné SIV Nevětveno Nekoupáno TK platná Křídlo EN B Advance,https://paragliding-bazar.cz/cs/offering/advance-iota-dls-25-80-100kg-concertinas-lightened-no-si-6416/,,2023.0,EN B,25,,Létané (100-200h),,2026-04-28
paragliding_bazar_cz_b,Paragliding Bazar CZ – EN B,CZ,Křídlo EN B MAC Illusion 28 Žádné SIV TK čerstvá TK platná S batohem Křídlo EN B MAC Illusion 28 Žádné SIV TK čerstvá TK,https://paragliding-bazar.cz/cs/offering/mac-illusion-28-no-sivs-tc-fresh-tc-valid-with-bag-6411/,2200.0,2023.0,EN B,28,,Mírně létané (50-100h),,2026-04-28
paragliding_bazar_cz_b,Paragliding Bazar CZ – EN B,CZ,Křídlo EN B Nova Mentor 6 L 110-130kg Listovaný Žádné SIV Nelétáno na písku Nevětveno Nekoupáno Křídlo EN B Nova Mentor,https://paragliding-bazar.cz/cs/offering/nova-mentor-6-l-110-130kg-concertinas-no-sivs-no-flying--6408/,1100.0,2019.0,EN B,L,,Létané (100-200h),,2026-04-28
paragliding_bazar_cz_b,Paragliding Bazar CZ – EN B,CZ,Křídlo EN B SKY SKy Apollo 3 95-119kg Nekoupáno Listovaný S listovacím obalem TK platná Žádné SIV Nevětveno Křídlo EN B,https://paragliding-bazar.cz/cs/offering/sky-sky-apollo-3-95-119kg-no-water-concertinas-with-list-6385/,2500.0,2024.0,EN B,,,Jako nové (0-50h),,2026-04-28
paragliding_bazar_cz_b,Paragliding Bazar CZ – EN B,CZ,Křídlo EN B AXIS pluto 2 m Pluto 2 M 80-105kg Listovaný Nelétáno na písku TK platná S batohem Křídlo EN B AXIS pluto 2 m,https://paragliding-bazar.cz/cs/offering/axis-pluto-2-m-pluto-2-m-80-105kg-concertinas-no-flying--6353/,,2007.0,EN B,Pluto,,Mírně létané (50-100h),,2026-04-28
paragliding_bazar_cz_a,Paragliding Bazar CZ – EN A,CZ,Křídlo EN A Advance Alpha 7 26 70-95kg Listovaný Žádné SIV Nelétáno na písku Nevětveno Nekoupáno TK čerstvá (Součást kom,https://paragliding-bazar.cz/cs/offering/advance-alpha-7-26-70-95kg-concertinas-no-sivs-no-flying-6749/,2300.0,2024.0,EN A,26,,Jako nové (0-50h),,2026-04-28
paragliding_bazar_cz_a,Paragliding Bazar CZ – EN A,CZ,Křídlo EN A Gradient Golden 5 26 85-105kg Listovaný Žádné SIV Nelétáno na písku Nevětveno Nekoupáno (Součást kompletu) K,https://paragliding-bazar.cz/cs/offering/gradient-golden-5-26-85-105kg-concertinas-no-sivs-no-fly-6740/,,2019.0,EN A,26,,Mírně létané (50-100h),,2026-04-28
paragliding_bazar_cz_a,Paragliding Bazar CZ – EN A,CZ,Křídlo EN A Gradient Orbit 2 80-100kg Žádné SIV TK platná S batohem Křídlo EN A Gradient Orbit 2 80-100kg Žádné SIV TK p,https://paragliding-bazar.cz/cs/offering/gradient-orbit-2-80-100kg-no-sivs-tc-valid-with-bag-6723/,,2009.0,EN A,,,Létané (100-200h),,2026-04-28
paragliding_bazar_cz_a,Paragliding Bazar CZ – EN A,CZ,Křídlo EN A Advance Pi2 27 105-120kg Listovaný Odlehčeno Žádné SIV Nekoupáno Drobné opravy TK čerstvá Křídlo EN A Advanc,https://paragliding-bazar.cz/cs/offering/advance-pi2-27-105-120kg-concertinas-lightened-no-sivs-n-6712/,,2020.0,EN A,27,,Létané (100-200h),,2026-04-28
paragliding_bazar_cz_a,Paragliding Bazar CZ – EN A,CZ,"Křídlo EN A Advance Alpha 6 28 85-125kg Křídlo EN A Advance Alpha 6 28 85-125kg 26 807,04 CZK (1 100,00 EUR) EN A Veliko",https://paragliding-bazar.cz/cs/offering/advance-alpha-6-28-85-125kg-6683/,1100.0,2020.0,EN A,28,,Létané (100-200h),,2026-04-28
paragliding_bazar_cz_a,Paragliding Bazar CZ – EN A,CZ,Křídlo EN A Advance Alpha 7 22 50-85kg Žádné SIV Nelétáno na písku Nevětveno Nekoupáno TK platná Křídlo EN A Advance Alp,https://paragliding-bazar.cz/cs/offering/advance-alpha-7-22-50-85kg-no-sivs-no-flying-on-the-sand-6667/,1800.0,2025.0,EN A,22,,Jako nové (0-50h),,2026-04-28
paragliding_bazar_cz_a,Paragliding Bazar CZ – EN A,CZ,Křídlo EN A SWING Mito S 70-95kg Listovaný Žádné SIV TK není Nevětveno Nekoupáno Drobné opravy S batohem Křídlo EN A SWI,https://paragliding-bazar.cz/cs/offering/swing-mito-s-70-95kg-concertinas-no-sivs-no-tc-no-trees--6664/,2200.0,2021.0,EN A,S,,Mírně létané (50-100h),,2026-04-28
paragliding_bazar_cz_a,Paragliding Bazar CZ – EN A,CZ,Křídlo EN A SKY Anakis 3 XL 99-125kg Listovaný Nelétáno na písku Nevětveno Nekoupáno TK platná S batohem Křídlo EN A SKY,https://paragliding-bazar.cz/cs/offering/sky-anakis-3-xl-99-125kg-concertinas-no-flying-on-the-sa-6663/,,2015.0,EN A,XL,,Jako nové (0-50h),,2026-04-28
paragliding_bazar_cz_a,Paragliding Bazar CZ – EN A,CZ,"Křídlo EN A Nova Nivo M 80-100kg Listovaný Nové Křídlo EN A Nova Nivo M 80-100kg Listovaný Nové 51 177,07 CZK (2 100,00",https://paragliding-bazar.cz/cs/offering/nova-nivo-m-80-100kg-concertinas-new-6618/,2100.0,2026.0,EN A,M,,Jako nové (0-50h),,2026-04-28
paragliding_bazar_cz_a,Paragliding Bazar CZ – EN A,CZ,Křídlo EN A Drift carancho L-95kg 115 Listovaný Žádné SIV TK není Nelétáno na písku Nevětveno Nekoupáno Křídlo EN A Drif,https://paragliding-bazar.cz/cs/offering/drift-carancho-l-95kg-115-concertinas-no-sivs-no-tc-no-f-6610/,2000.0,2022.0,EN A,L,,Mírně létané (50-100h),,2026-04-28
paragliding_bazar_cz_a,Paragliding Bazar CZ – EN A,CZ,Křídlo EN A Advance Alpha 8 DLS 26 70-110kg Listovaný Žádné SIV Nelétáno na písku Nevětveno Nekoupáno Křídlo EN A Advanc,https://paragliding-bazar.cz/cs/offering/advance-alpha-8-dls-26-70-110kg-concertinas-no-sivs-no-f-6534/,2500.0,2025.0,EN A,26,,Jako nové (0-50h),,2026-04-28
paragliding_bazar_cz_a,Paragliding Bazar CZ – EN A,CZ,Křídlo EN A Advance Alpha 6 26 70-110kg Žádné SIV Nelétáno na písku Nevětveno Nekoupáno TK platná Křídlo EN A Advance Al,https://paragliding-bazar.cz/cs/offering/advance-alpha-6-26-70-110kg-no-sivs-no-flying-on-the-san-6529/,1200.0,2020.0,EN A,26,,Mírně létané (50-100h),,2026-04-28
paragliding_bazar_cz_a,Paragliding Bazar CZ – EN A,CZ,Křídlo EN A Advance Alpha 7 24 60-80kg Listovaný Žádné SIV Nelétáno na písku Nevětveno Nekoupáno TK platná Křídlo EN A A,https://paragliding-bazar.cz/cs/offering/advance-alpha-7-24-60-80kg-concertinas-no-sivs-no-flying-6506/,,2021.0,EN A,24,,Jako nové (0-50h),,2026-04-28
paragliding_bazar_cz_a,Paragliding Bazar CZ – EN A,CZ,Křídlo EN A GIN Yeti 4 26 73-95kg Nelétáno na písku Nevětveno Nekoupáno S batohem Křídlo EN A GIN Yeti 4 26 73-95kg Nelé,https://paragliding-bazar.cz/cs/offering/gin-yeti-4-26-73-95kg-no-flying-on-the-sand-no-trees-no--6494/,,2016.0,EN A,26,,Jako nové (0-50h),,2026-04-28
paragliding_bazar_cz_a,Paragliding Bazar CZ – EN A,CZ,Křídlo EN A PHI Symphonia 26 26 105-130kg Žádné SIV Nevětveno Nekoupáno TK platná Křídlo EN A PHI Symphonia 26 26 105-13,https://paragliding-bazar.cz/cs/offering/phi-symphonia-26-26-105-130kg-no-sivs-no-trees-no-water--6492/,500.0,2018.0,EN A,26,,Mírně létané (50-100h),,2026-04-28
paragliding_bazar_cz_a,Paragliding Bazar CZ – EN A,CZ,Křídlo EN A APCO gradient Nevada 2 26 80-102kg Listovaný Křídlo EN A APCO gradient Nevada 2 26 80-102kg Listovaný 10 000,https://paragliding-bazar.cz/cs/offering/apco-gradient-nevada-2-26-80-102kg-concertinas-6467/,2000.0,,EN A,26,,Mírně létané (50-100h),,2026-04-28
paragliding_bazar_cz_a,Paragliding Bazar CZ – EN A,CZ,Křídlo EN A MAC Lucky 4 28 85-110kg Žádné SIV Nevětveno Nekoupáno Drobné opravy TK platná S batohem Křídlo EN A MAC Luck,https://paragliding-bazar.cz/cs/offering/mac-lucky-4-28-85-110kg-no-sivs-no-trees-no-water-small--6463/,,2023.0,EN A,28,,Mírně létané (50-100h),,2026-04-28
paragliding_bazar_cz_a,Paragliding Bazar CZ – EN A,CZ,Křídlo EN A AXIS Pluto 4 L 95-115kg Listovaný Žádné SIV Nelétáno na písku Nevětveno Nekoupáno Drobné opravy Křídlo EN A,https://paragliding-bazar.cz/cs/offering/axis-pluto-4-l-95-115kg-concertinas-no-sivs-no-flying-on-6445/,1000.0,2020.0,EN A,L,,Mírně létané (50-100h),,2026-04-28
paragliding_bazar_cz_a,Paragliding Bazar CZ – EN A,CZ,"Křídlo EN A Junkers JU80 80 80-105kg Nové Křídlo EN A Junkers JU80 80 80-105kg Nové 15 000,00 CZK EN A Velikost: 80 Vzle",https://paragliding-bazar.cz/cs/offering/junkers-ju80-80-80-105kg-new-6442/,,2020.0,EN A,80,,Mírně létané (50-100h),,2026-04-28
paragliding_bazar_cz_a,Paragliding Bazar CZ – EN A,CZ,Křídlo EN A SKY Fides 1 80-110kg Žádné SIV Nelétáno na písku TK čerstvá TK platná Křídlo EN A SKY Fides 1 80-110kg Žádné,https://paragliding-bazar.cz/cs/offering/sky-fides-1-80-110kg-no-sivs-no-flying-on-the-sand-tc-fr-6436/,,2004.0,EN A,,,Mírně létané (50-100h),,2026-04-28
paragliding_bazar_cz_a,Paragliding Bazar CZ – EN A,CZ,Křídlo EN A Advance Alpha 5 26 70-95kg Listovaný Nelétáno na písku Nevětveno Nekoupáno S batohem Křídlo EN A Advance Alp,https://paragliding-bazar.cz/cs/offering/advance-alpha-5-26-70-95kg-concertinas-no-flying-on-the--6432/,,2013.0,EN A,26,,Mírně létané (50-100h),,2026-04-28
paragliding_bazar_cz_a,Paragliding Bazar CZ – EN A,CZ,Křídlo EN A Drift carancho M 80-103kg Nové Nelétáno na písku Nevětveno Nekoupáno TK čerstvá TK platná Křídlo EN A Drift,https://paragliding-bazar.cz/cs/offering/drift-carancho-m-80-103kg-new-no-flying-on-the-sand-no-t-6390/,2000.0,2025.0,EN A,M,,Jako nové (0-50h),,2026-04-28
paragliding_bazar_cz_a,Paragliding Bazar CZ – EN A,CZ,Křídlo EN A Advance Alpha 7 28 80-118kg Nekoupáno S batohem Křídlo EN A Advance Alpha 7 28 80-118kg Nekoupáno S batohem,https://paragliding-bazar.cz/cs/offering/advance-alpha-7-28-80-118kg-no-water-with-bag-6354/,1200.0,2021.0,EN A,28,,Jako nové (0-50h),,2026-04-28
paragliding_bazar_cz_a,Paragliding Bazar CZ – EN A,CZ,Křídlo EN A UP Dena SM 92-110kg Nevětveno Nelétáno na písku TK platná TK čerstvá Listovaný Křídlo EN A UP Dena SM 92-110,https://paragliding-bazar.cz/cs/offering/up-dena-sm-92-110kg-no-trees-no-flying-on-the-sand-tc-va-6350/,,2022.0,EN A,SM,,Jako nové (0-50h),,2026-04-28
paragliding_bazar_cz_a,Paragliding Bazar CZ – EN A,CZ,Křídlo EN A Dudek run&fly 18 55-108kg Listovaný Odlehčeno Žádné SIV Nekoupáno Křídlo EN A Dudek run&fly 18 55-108kg List,https://paragliding-bazar.cz/cs/offering/dudek-runfly-18-55-108kg-concertinas-lightened-no-sivs-n-6348/,,2019.0,EN A,18,,Jako nové (0-50h),,2026-04-28
bazos_cz,Bazoš CZ – křídla,CZ,Sky Country Discovery 5,https://sport.bazos.cz/inzerat/217961692/sky-country-discovery-5.php,,2026.0,,,,,,2026-04-28
paragliding_store_at,Paragliding Store AT – Used,AT,Advance Epsilon 8 25,https://www.paragliding-store.at/shop/gebrauchtmarkt-used-stuff/used-paragliders/,980.0,2016.0,,25,70kg-100kg,sehr guter Zustand -->kleine geklebte St,,2026-04-28
paragliding_store_at,Paragliding Store AT – Used,AT,Advance PI 2 23,https://www.paragliding-store.at/shop/gebrauchtmarkt-used-stuff/used-paragliders/,980.0,2020.0,,23,65kg-110kg,"gebraucht guter Zustand, neuer Check sie",,2026-04-28
paragliding_store_at,Paragliding Store AT – Used,AT,Ozone Zeolite GT,https://www.paragliding-store.at/shop/gebrauchtmarkt-used-stuff/used-paragliders/,1250.0,2020.0,,MS,80kg-95kg,sehr guter Zustand  --> sehr sehr gepfle,,2026-04-28
paragliding_store_at,Paragliding Store AT – Used,AT,Advance PI 3 21 white,https://www.paragliding-store.at/shop/gebrauchtmarkt-used-stuff/used-paragliders/,1690.0,2021.0,,21,,gebraucht guter Zustand --> neuer Check,,2026-04-28
paragliding_store_at,Paragliding Store AT – Used,AT,Gin Bonanza 3 Kommissionsverkauf,https://www.paragliding-store.at/shop/gebrauchtmarkt-used-stuff/used-paragliders/,1490.0,2024.0,,XXS,60kg-75kg,sehr gut  --> neuer Check siehe Bilder -,,2026-04-28
paragliding_store_at,Paragliding Store AT – Used,AT,Niviuk Artik 7 P 24,https://www.paragliding-store.at/shop/gebrauchtmarkt-used-stuff/used-paragliders/,3450.0,,,24,85kg-105kg,sehr gut/neuwertig --> 24 Flüge  --> kei,,2026-04-28
paragliding_store_at,Paragliding Store AT – Used,AT,Niviuk Artik 7 P 22,https://www.paragliding-store.at/shop/gebrauchtmarkt-used-stuff/used-paragliders/,3490.0,2025.0,,22,65kg-85kg,sehr gut/neuwertig --> 27 Flüge  --> kei,,2026-04-28
paragliding_store_at,Paragliding Store AT – Used,AT,Advance Sigma 12 28,https://www.paragliding-store.at/shop/gebrauchtmarkt-used-stuff/used-paragliders/,3650.0,2024.0,,28,105kg-128kg,sehr guter Zustand  --> 12 Flüge mit 3h,,2026-04-28
paragliding_store_at,Paragliding Store AT – Used,AT,Niviuk Hook 6 P 20,https://www.paragliding-store.at/shop/gebrauchtmarkt-used-stuff/used-paragliders/,1940.0,2024.0,,20,55kg-70kg,sehr gut --> 38 Flüge  --> keine Beschäd,,2026-04-28
swissgliders_ch,Swissgliders CH – Fundgrube,CH,Verkaufe Niviuk Ikuma 2 24 ( 70 -90 kg,https://swissgliders.ch/de/2026/04/14/verkaufe-niviuk-ikuma-2-24-70-90-kg/,1429.0,2026.0,,24,70-90kg,,2026-04-14,2026-04-28
swissgliders_ch,Swissgliders CH – Fundgrube,CH,AirDesign Soar XS – Farbe: sky,https://swissgliders.ch/de/2026/04/14/airdesign-soar-xs-farbe-sky/,952.0,2026.0,,XS,60-78kg,,2026-04-14,2026-04-28
swissgliders_ch,Swissgliders CH – Fundgrube,CH,Nova Ion 5 Light XS,https://swissgliders.ch/de/2026/03/25/nova-ion-5-light-xs/,952.0,2026.0,,XS,,,2026-03-25,2026-04-28
paraglidingshop_ch,Paraglidingshop CH – Occasionen,CH,Advance Iota DLS 25 Royal Occasion (EN-B 80-100kg),https://paraglidingshop.ch/Advance-Iota-DLS-25-Royal-Occasion-EN-B-80-100kg/SW10406,2667.0,,EN-B,25,80-100kg,,,2026-04-28
paraglidingshop_ch,Paraglidingshop CH – Occasionen,CH,"Advance Pi 3 27 weiss, Ex-Demo",https://paraglidingshop.ch/Advance-Pi-3-27-weiss-Ex-Demo/SW10521,1895.0,,,27,,,,2026-04-28
paraglidingshop_ch,Paraglidingshop CH – Occasionen,CH,Mentor 5 light /S (80kg-100kg),https://paraglidingshop.ch/Mentor-5-light-S-80kg-100kg/SW10333,951.0,,,S,,,,2026-04-28
paraglidingshop_ch,Paraglidingshop CH – Occasionen,CH,Ozone Swift 6 ML Ex-Demo,https://paraglidingshop.ch/Ozone-Swift-6-ML-Ex-Demo/SW10522,2667.0,,ENB,ML,,,,2026-04-28
paraglidingshop_ch,Paraglidingshop CH – Occasionen,CH,Phi Maestro 23,https://paraglidingshop.ch/Phi-Maestro-23/SW10330,952.0,,,23,,,,2026-04-28
paraglidingshop_ch,Paraglidingshop CH – Occasionen,CH,Skywalk Tonic (EN-B 56-80kg / EN-C81-105 kg),https://paraglidingshop.ch/Skywalk-Tonic-EN-B-56-80kg-EN-C81-105-kg/SW10339,951.0,2014.0,EN-B,56,56-80kg,,,2026-04-28
alpstein_ch,Flugschule Alpstein CH – Occasionen,CH,Supair Birdy (EN A),https://www.flugschule-alpstein.ch/occasionen/,3333.0,,EN A,S,65kg–85kg,,,2026-04-28
alpstein_ch,Flugschule Alpstein CH – Occasionen,CH,Airdesign Vivo (EN B),https://www.flugschule-alpstein.ch/occasionen/,,2021.0,EN B,M,85kg–105kg,,,2026-04-28
alpstein_ch,Flugschule Alpstein CH – Occasionen,CH,Airdesign Rise 4 (EN B),https://www.flugschule-alpstein.ch/occasionen/,,,EN B,S,72kg–92kg,,,2026-04-28
alpstein_ch,Flugschule Alpstein CH – Occasionen,CH,BGD Kiss,https://www.flugschule-alpstein.ch/occasionen/,,,,18,50kg–110kg,,,2026-04-28
alpstein_ch,Flugschule Alpstein CH – Occasionen,CH,Gradient Bright 5,https://www.flugschule-alpstein.ch/occasionen/,2333.0,,,24,63kg-80kg,,,2026-04-28
alpstein_ch,Flugschule Alpstein CH – Occasionen,CH,Phi Maestro,https://www.flugschule-alpstein.ch/occasionen/,3190.0,,,M,75kg-95kg,,,2026-04-28
alpstein_ch,Flugschule Alpstein CH – Occasionen,CH,Skyman String,https://www.flugschule-alpstein.ch/occasionen/,,,,,,,,2026-04-28
alpstein_ch,Flugschule Alpstein CH – Occasionen,CH,Doudek Soul,https://www.flugschule-alpstein.ch/occasionen/,,,,M,,,,2026-04-28
flugsport_de,Flugsport DE – Gebrauchtschirme,DE,"Swing Mito-2 RS, alle Größen",https://www.flugsport.de/flugsportladen/gebrauchtschirme.html,,2024.0,A,,,,,2026-04-28
flugsport_de,Flugsport DE – Gebrauchtschirme,DE,Ozone Geo-6 ML,https://www.flugsport.de/flugsportladen/gebrauchtschirme.html,,2020.0,B-G,ML,85-105,,,2026-04-28
flugsport_de,Flugsport DE – Gebrauchtschirme,DE,Swing Serac RS XS,https://www.flugsport.de/flugsportladen/gebrauchtschirme.html,,2023.0,B-G,XS,55-80,,,2026-04-28
flugsport_de,Flugsport DE – Gebrauchtschirme,DE,Swing Nyra RS S,https://www.flugsport.de/flugsportladen/gebrauchtschirme.html,,2025.0,B-G,S,75-95,,,2026-04-28
flugsport_de,Flugsport DE – Gebrauchtschirme,DE,Swing Nyra RS M,https://www.flugsport.de/flugsportladen/gebrauchtschirme.html,,2025.0,B-G,M,85-105,,,2026-04-28
flugsport_de,Flugsport DE – Gebrauchtschirme,DE,Ozone Geo-7,https://www.flugsport.de/flugsportladen/gebrauchtschirme.html,,2024.0,B-G,,Alle Größen,,,2026-04-28
flugsport_de,Flugsport DE – Gebrauchtschirme,DE,Ozone Swift-6,https://www.flugsport.de/flugsportladen/gebrauchtschirme.html,,2024.0,B-R,,Alle Größen,,,2026-04-28
flugsport_de,Flugsport DE – Gebrauchtschirme,DE,Swing Stellar RS  MS,https://www.flugsport.de/flugsportladen/gebrauchtschirme.html,,2025.0,B-R,,80-100,,,2026-04-28
flugsport_de,Flugsport DE – Gebrauchtschirme,DE,Swing Stellar RS L,https://www.flugsport.de/flugsportladen/gebrauchtschirme.html,,2024.0,B-R,L,95 - 120,,,2026-04-28
paragliding_bazar_cz_b,Paragliding Bazar CZ – EN B,CZ,Křídlo EN B GIN safari 105-220kg Listovaný Žádné SIV Nelétáno na písku Nevětveno Tandem Křídlo EN B GIN safari 105-220kg,https://paragliding-bazar.cz/cs/offering/gin-safari-105-220kg-concertinas-no-sivs-no-flying-on-th-6767/,,,EN B,,,Mírně létané (50-100h),,2026-04-28
paragliding_bazar_cz_b,Paragliding Bazar CZ – EN B,CZ,"Křídlo EN B UP Kibo 70-90kg Křídlo EN B UP Kibo 70-90kg 31 661,76 CZK (1 300,00 EUR) EN B Vzletová hmotnost: 70 - 90 Opo",https://paragliding-bazar.cz/cs/offering/up-kibo-70-90kg-6605/,1300.0,2023.0,EN B,,,Jako nové (0-50h),,2026-04-28
paragliding_bazar_cz_b,Paragliding Bazar CZ – EN B,CZ,"Křídlo EN B Skywalk SKYWALK MOJITO / L 105-160kg Křídlo EN B Skywalk SKYWALK MOJITO / L 105-160kg 14 588,76 CZK (599,00",https://paragliding-bazar.cz/cs/offering/skywalk-skywalk-mojito-l-105-160kg-6558/,599.0,2015.0,EN B,,,Jako nové (0-50h),,2026-04-28
paragliding_bazar_cz_a,Paragliding Bazar CZ – EN A,CZ,"Křídlo EN A Advance Alpha 6 28 85-125kg Křídlo EN A Advance Alpha 6 28 85-125kg 26 790,72 CZK (1 100,00 EUR) EN A Veliko",https://paragliding-bazar.cz/cs/offering/advance-alpha-6-28-85-125kg-6683/,1100.0,2020.0,EN A,28,,Létané (100-200h),,2026-04-28
paragliding_bazar_cz_a,Paragliding Bazar CZ – EN A,CZ,"Křídlo EN A Nova Nivo M 80-100kg Listovaný Nové Křídlo EN A Nova Nivo M 80-100kg Listovaný Nové 51 145,91 CZK (2 100,00",https://paragliding-bazar.cz/cs/offering/nova-nivo-m-80-100kg-concertinas-new-6618/,2100.0,2026.0,EN A,M,,Jako nové (0-50h),,2026-04-28
parafly_at,Parafly AT – Gebrauchtmarkt,AT,Skywalk RANGE X-ALPS3 Athlete Version M,https://shop.parafly.at/produkt/skywalk-range-x-alps3-athlete-version-m/,1690.0,,,M,,,,2026-04-28
parafly_at,Parafly AT – Gebrauchtmarkt,AT,AirDesign Vivo in Größe S,https://shop.parafly.at/produkt/airdesign-vivo-in-groesse-s/,1700.0,,,S,,,,2026-04-28
parafly_at,Parafly AT – Gebrauchtmarkt,AT,Advance IOTA DLS 21,https://shop.parafly.at/produkt/advance-iota-dls/,2990.0,,,21,,,,2026-04-28
parafly_at,Parafly AT – Gebrauchtmarkt,AT,NOVA Aonic,https://shop.parafly.at/produkt/nova-aonic/,2700.0,,,,,,,2026-04-28
hochries_de,Flugschule Hochries DE – Gebrauchtmarkt,DE,ADVANCE Epsilon DLS 24,https://shop.flugschule-hochries.de/ADVANCE-EpsilonDLS-24,2650.0,,,24,,,,2026-04-28
hochries_de,Flugschule Hochries DE – Gebrauchtmarkt,DE,ADVANCE Epsilon DLS 28,https://shop.flugschule-hochries.de/ADVANCE-Epsilon-DLS-28,2950.0,,,28,,,,2026-04-28
hochries_de,Flugschule Hochries DE – Gebrauchtmarkt,DE,ADVANCE Impress 4 L,https://shop.flugschule-hochries.de/Advance-Impress-4-L,1300.0,,,L,,,,2026-04-28
hochries_de,Flugschule Hochries DE – Gebrauchtmarkt,DE,ADVANCE Impress 4 S,https://shop.flugschule-hochries.de/Advance-Impress-4-S,1290.0,,,S,,,,2026-04-28
hochries_de,Flugschule Hochries DE – Gebrauchtmarkt,DE,ADVANCE Iota DLS 25,https://shop.flugschule-hochries.de/ADVANCE-Iota-DLS-25,2550.0,,,25,,,,2026-04-28
hochries_de,Flugschule Hochries DE – Gebrauchtmarkt,DE,ADVANCE Iota DLS 25,https://shop.flugschule-hochries.de/ADVANCE-Iota-DLS-25/SW10844,1975.0,,,25,,,,2026-04-28
hochries_de,Flugschule Hochries DE – Gebrauchtmarkt,DE,ADVANCE Iota DLS 27,https://shop.flugschule-hochries.de/ADVANCE-IotaDLS-27,2750.0,,,27,,,,2026-04-28
hochries_de,Flugschule Hochries DE – Gebrauchtmarkt,DE,ADVANCE Pi 3.19,https://shop.flugschule-hochries.de/Advance-Pi-3.19,2650.0,,,19,,,,2026-04-28
hochries_de,Flugschule Hochries DE – Gebrauchtmarkt,DE,ADVANCE Pi 3.23,https://shop.flugschule-hochries.de/Advance-Pi-3-23,2175.0,,,23,,,,2026-04-28
hochries_de,Flugschule Hochries DE – Gebrauchtmarkt,DE,ADVANCE Pi 3.25,https://shop.flugschule-hochries.de/ADVANCE-Pi-3-25,2290.0,,,25,,,,2026-04-28
hochries_de,Flugschule Hochries DE – Gebrauchtmarkt,DE,ADVANCE Pi 3.25,https://shop.flugschule-hochries.de/ADVANCE-Pi-3.25/SW10847,2650.0,,,25,,,,2026-04-28
hochries_de,Flugschule Hochries DE – Gebrauchtmarkt,DE,ADVANCE Pi 3.27,https://shop.flugschule-hochries.de/ADVANCE-Pi-3.27,2350.0,,,27,,,,2026-04-28
hochries_de,Flugschule Hochries DE – Gebrauchtmarkt,DE,ADVANCE Pi 3.27,https://shop.flugschule-hochries.de/ADVANCE-Pi-3.27/SW10845,2475.0,,,27,,,,2026-04-28
hochries_de,Flugschule Hochries DE – Gebrauchtmarkt,DE,ADVANCE Sigma DLS 26,https://shop.flugschule-hochries.de/ADVANCE-SigmaDLS-26,3675.0,,,26,,,,2026-04-28
hochries_de,Flugschule Hochries DE – Gebrauchtmarkt,DE,ADVANCE Success 5 M,https://shop.flugschule-hochries.de/ADVANCE-Success-5-M/SW10858,750.0,,,M,,,,2026-04-28
hochries_de,Flugschule Hochries DE – Gebrauchtmarkt,DE,AIRDESIGN Livi XS,https://shop.flugschule-hochries.de/AIRDESIGN-Livi-XS,2450.0,,,XS,,,,2026-04-28
hochries_de,Flugschule Hochries DE – Gebrauchtmarkt,DE,AIRDESIGN Ronin 12,https://shop.flugschule-hochries.de/AIRDESIGN-Ronin-12,1675.0,,,12,,,,2026-04-28
hochries_de,Flugschule Hochries DE – Gebrauchtmarkt,DE,AIRDESIGN Ronin 14,https://shop.flugschule-hochries.de/AIRDESIGN-Ronin-14/SW10613,1775.0,,,14,,,,2026-04-28
hochries_de,Flugschule Hochries DE – Gebrauchtmarkt,DE,AIRDESIGN Ronin 16,https://shop.flugschule-hochries.de/AIRDESIGN-Ronin-16,2050.0,,,16,,,,2026-04-28
hochries_de,Flugschule Hochries DE – Gebrauchtmarkt,DE,AIRDESIGN Ronin 18,https://shop.flugschule-hochries.de/Airdesign-Ronin-18,1875.0,,,18,,,,2026-04-28
hochries_de,Flugschule Hochries DE – Gebrauchtmarkt,DE,AIRDESIGN Soar S,https://shop.flugschule-hochries.de/AIRDESIGN-Soar-S,1650.0,,,S,,,,2026-04-28
hochries_de,Flugschule Hochries DE – Gebrauchtmarkt,DE,Airdesign Soar XS,https://shop.flugschule-hochries.de/Airdesign-Soar-XS,1075.0,,,XS,,,,2026-04-28
hochries_de,Flugschule Hochries DE – Gebrauchtmarkt,DE,AIRDESIGN Susi 4.14,https://shop.flugschule-hochries.de/AIRDESIGN-Susi-4.14,2075.0,,,14,,,,2026-04-28
hochries_de,Flugschule Hochries DE – Gebrauchtmarkt,DE,AIRDESIGN Susi 4.16,https://shop.flugschule-hochries.de/AIRDESIGN-Susi-4.16,2050.0,,,16,,,,2026-04-28
fly_ikarus_ch,Fly Ikarus CH – Occasionen,CH,Advance Omega XA 5 ULS Occasion – 21m,https://fly-ikarus.ch/produkt/advance-omega-xa-5-uls-occasion-21m/,2286.0,,,,,,,2026-04-28
fly_ikarus_ch,Fly Ikarus CH – Occasionen,CH,Nabla Tea 4 Two Occasion Tandem – 42m – Rot,https://fly-ikarus.ch/produkt/nabla-tea-4-two-occasion-tandem-42m-rot/,1810.0,,,,,,,2026-04-28
fly_ikarus_ch,Fly Ikarus CH – Occasionen,CH,Niviuk Hiko P 20m2 Tekno Occasion,https://fly-ikarus.ch/produkt/niviuk-hiko-p-20m2-tekno-occasion/,2848.0,,,,,,,2026-04-28
fly_ikarus_ch,Fly Ikarus CH – Occasionen,CH,Niviuk Hiko P 28m Citrik Occasion,https://fly-ikarus.ch/produkt/niviuk-hiko-p-28m-citrik-occasion/,2714.0,,,,,,,2026-04-28
fly_ikarus_ch,Fly Ikarus CH – Occasionen,CH,Gin Explorer 2 S Occasion,https://fly-ikarus.ch/produkt/gin-explorer-2-s-occasion/,1667.0,,,S,,,,2026-04-28
fly_ikarus_ch,Fly Ikarus CH – Occasionen,CH,Ozone Delta 5 Lime ML Occasion,https://fly-ikarus.ch/produkt/ozone-delta-5-lime-ml-occasion/,2848.0,,,ML,,,,2026-04-28
fly_ikarus_ch,Fly Ikarus CH – Occasionen,CH,Ozone Jomo 2 – L – Occasion Gleitschirm,https://fly-ikarus.ch/produkt/ozone-jomo-2-l-occasion-gleitschirm/,714.0,,,L,,,,2026-04-28
fly_ikarus_ch,Fly Ikarus CH – Occasionen,CH,Phi Sola Ul 14 Occasion,https://fly-ikarus.ch/produkt/phi-sola-ul-14-occasion/,1857.0,,,14,,,,2026-04-28
fly_ikarus_ch,Fly Ikarus CH – Occasionen,CH,Woody Valley Wani Light 2 Occasion,https://fly-ikarus.ch/produkt/woody-valley-wani-light-2-occasion/,467.0,,,,,,,2026-04-28
fly_ikarus_ch,Fly Ikarus CH – Occasionen,CH,Airdesign Loco 16 Demoschirm,https://fly-ikarus.ch/produkt/airdesign-loco-16-demoschirm/,1419.0,,,16,,,,2026-04-28
fly_ikarus_ch,Fly Ikarus CH – Occasionen,CH,Alta S Occasion Schirm,https://fly-ikarus.ch/produkt/alta-s-occasion-schirm/,2752.0,,,S,,,,2026-04-28
fly_ikarus_ch,Fly Ikarus CH – Occasionen,CH,Alta XS Occasion Schirm,https://fly-ikarus.ch/produkt/alta-xs-occasion-schirm/,2762.0,,,XS,,,,2026-04-28
fly_ikarus_ch,Fly Ikarus CH – Occasionen,CH,Calypso 2 M Occasion Schirm,https://fly-ikarus.ch/produkt/calypso-2-m-occasion-schirm/,3038.0,,,M,,,,2026-04-28
fly_ikarus_ch,Fly Ikarus CH – Occasionen,CH,Calypso 2 XS Occasion Schirm,https://fly-ikarus.ch/produkt/calypso-2-xs-occasion-schirm/,3324.0,,,XS,,,,2026-04-28
fly_ikarus_ch,Fly Ikarus CH – Occasionen,CH,Elise XS Occasion Schirm,https://fly-ikarus.ch/produkt/elise-xs-occasion-schirm/,2848.0,,,XS,,,,2026-04-28
fly_ikarus_ch,Fly Ikarus CH – Occasionen,CH,Gin Fuse 3 – 41m Occasion Tandem,https://fly-ikarus.ch/produkt/fuse-3-41m-occasion-tandem/,2000.0,,,,,,,2026-04-28
fly_ikarus_ch,Fly Ikarus CH – Occasionen,CH,Geo 7 MS Occasion Schirm,https://fly-ikarus.ch/produkt/geo-7-ms-occasion-schirm/,2810.0,,,,,,,2026-04-28
abc_paragliding_cz,ABC Paragliding CZ – Bazar,CZ,"Gradient - Bright 5 (2014, vel. 28)",https://www.abcparagliding.cz/bazar/13-prodam/,1680.0,2014.0,EN-A,28,,,,2026-04-28
abc_paragliding_cz,ABC Paragliding CZ – Bazar,CZ,"Gradient - Bright 5 (2014, vel. 24)",https://www.abcparagliding.cz/bazar/13-prodam/,1450.0,2014.0,EN-A,24,,,,2026-04-28
abc_paragliding_cz,ABC Paragliding CZ – Bazar,CZ,"Gradient - Impuls 4 (2013, vel. 24)",https://www.abcparagliding.cz/bazar/13-prodam/,1100.0,2013.0,EN-A,24,,,,2026-04-28
abc_paragliding_cz,ABC Paragliding CZ – Bazar,CZ,"Gradient - Impuls 2 (2009, vel. 28)",https://www.abcparagliding.cz/bazar/13-prodam/,980.0,2009.0,EN-A,28,,,,2026-04-28
abc_paragliding_cz,ABC Paragliding CZ – Bazar,CZ,"Gradiuent - Impuls 4 (2011, vel. 26)",https://www.abcparagliding.cz/bazar/13-prodam/,960.0,2011.0,EN-A,26,,,,2026-04-28
abc_paragliding_cz,ABC Paragliding CZ – Bazar,CZ,"Gradient - Orbit 3 (2009, vel. 28)",https://www.abcparagliding.cz/bazar/13-prodam/,990.0,2009.0,EN-B,28,,,,2026-04-28
abc_paragliding_cz,ABC Paragliding CZ – Bazar,CZ,"Gradiuent - Impuls 4 (2012, vel. 28)",https://www.abcparagliding.cz/bazar/13-prodam/,990.0,2012.0,EN-A,28,,,,2026-04-28
abc_paragliding_cz,ABC Paragliding CZ – Bazar,CZ,"Gradient - Impuls 2 (2009, vel. 30)",https://www.abcparagliding.cz/bazar/13-prodam/,960.0,2009.0,EN-A,30,,,,2026-04-28
abc_paragliding_cz,ABC Paragliding CZ – Bazar,CZ,"Gradient - Impuls 2 (2010, vel. 24)",https://www.abcparagliding.cz/bazar/13-prodam/,780.0,2010.0,EN-A,24,,,,2026-04-28
abc_paragliding_cz,ABC Paragliding CZ – Bazar,CZ,"Gradient - Aspen 5 (2104, vel. 24)",https://www.abcparagliding.cz/bazar/13-prodam/,1680.0,,EN-C,24,,,,2026-04-28
abc_paragliding_cz,ABC Paragliding CZ – Bazar,CZ,"Gadient - Stream 2 (2011, vel. 26)",https://www.abcparagliding.cz/bazar/13-prodam/,1090.0,2011.0,EN-C,26,,,,2026-04-28
airsport_cz,Air-Sport CZ – Bazar,CZ,BRIGHT5 30,https://www.air-sport.cz/index.php?id_product=325&rewrite=golden-5-22&controller=product&id_lang=2,840.0,,,30,,,,2026-04-28
paragliding_bazar_cz_b,Paragliding Bazar CZ – EN B,CZ,Křídlo EN B Ozone Rush 3 22 85-105kg Žádné SIV Nelétáno na písku Nevětveno Nekoupáno Křídlo EN B Ozone Rush 3 22 85-105k,https://paragliding-bazar.cz/cs/offering/ozone-rush-3-22-85-105kg-no-sivs-no-flying-on-the-sand-n-6797/,300.0,2013.0,EN B,22,,Jako nové (0-50h),,2026-05-03
paragliding_bazar_cz_b,Paragliding Bazar CZ – EN B,CZ,"Křídlo EN B AXIS Comet 3 M Křídlo EN B AXIS Comet 3 M 24 359,94 CZK (1 000,00 EUR) EN B Velikost: M Opotřebení: Jako nov",https://paragliding-bazar.cz/cs/offering/axis-comet-3-m-6785/,1000.0,2020.0,EN B,M,,Jako nové (0-50h),,2026-05-03
paragliding_bazar_cz_b,Paragliding Bazar CZ – EN B,CZ,Křídlo EN B Gradient Nevada 2 26 Listovaný Nelétáno na písku Nevětveno Nekoupáno S batohem Křídlo EN B Gradient Nevada 2,https://paragliding-bazar.cz/cs/offering/gradient-nevada-2-26-concertinas-no-flying-on-the-sand-n-6782/,,2020.0,EN B,26,,Mírně létané (50-100h),,2026-05-03
paragliding_bazar_cz_b,Paragliding Bazar CZ – EN B,CZ,"Křídlo EN B UP Kibo 70-90kg Křídlo EN B UP Kibo 70-90kg 31 667,93 CZK (1 300,00 EUR) EN B Vzletová hmotnost: 70 - 90 Opo",https://paragliding-bazar.cz/cs/offering/up-kibo-70-90kg-6605/,1300.0,2023.0,EN B,,,Jako nové (0-50h),,2026-05-03
paragliding_bazar_cz_b,Paragliding Bazar CZ – EN B,CZ,"Křídlo EN B Skywalk SKYWALK MOJITO / L 105-160kg Křídlo EN B Skywalk SKYWALK MOJITO / L 105-160kg 14 591,61 CZK (599,00",https://paragliding-bazar.cz/cs/offering/skywalk-skywalk-mojito-l-105-160kg-6558/,599.0,2015.0,EN B,,,Jako nové (0-50h),,2026-05-03
paragliding_bazar_cz_a,Paragliding Bazar CZ – EN A,CZ,Křídlo EN A UP Rimo SM 70-95kg Listovaný Nelétáno na písku Nevětveno Nekoupáno TK čerstvá Křídlo EN A UP Rimo SM 70-95kg,https://paragliding-bazar.cz/cs/offering/up-rimo-sm-70-95kg-concertinas-no-flying-on-the-sand-no--6809/,,2022.0,EN A,SM,,Jako nové (0-50h),,2026-05-03
paragliding_bazar_cz_a,Paragliding Bazar CZ – EN A,CZ,Křídlo EN A MAC Lucky 4 28 85-110kg Listovaný Žádné SIV Nelétáno na písku Nevětveno Nekoupáno TK čerstvá Křídlo EN A MAC,https://paragliding-bazar.cz/cs/offering/mac-lucky-4-28-85-110kg-concertinas-no-sivs-no-flying-on-6808/,,2004.0,EN A,28,,Mírně létané (50-100h),,2026-05-03
paragliding_bazar_cz_a,Paragliding Bazar CZ – EN A,CZ,Křídlo EN A MAC Lucky 4 28 85-110kg Žádné SIV Nevětveno Nekoupáno Drobné opravy TK čerstvá TK platná Křídlo EN A MAC Luc,https://paragliding-bazar.cz/cs/offering/mac-lucky-4-28-85-110kg-no-sivs-no-trees-no-water-small--6806/,1300.0,2023.0,EN A,28,,Jako nové (0-50h),,2026-05-03
paragliding_bazar_cz_a,Paragliding Bazar CZ – EN A,CZ,Křídlo EN A SKY Paragliders ANAKIS 3 XL 95-130kg Žádné SIV Nelétáno na písku Nevětveno Nekoupáno TK platná Křídlo EN A S,https://paragliding-bazar.cz/cs/offering/sky-paragliders-anakis-3-xl-95-130kg-no-sivs-no-flying-o-6796/,,2019.0,EN A,,,Létané (100-200h),,2026-05-03
paragliding_bazar_cz_a,Paragliding Bazar CZ – EN A,CZ,"Křídlo EN A Skyman The Rock 2 29,5 105-130kg Listovaný Odlehčeno Nové Žádné SIV Nelétáno na písku Nevětveno Křídlo EN A",https://paragliding-bazar.cz/cs/offering/skyman-the-rock-2-295-105-130kg-concertinas-lightened-ne-6792/,,2025.0,EN A,29,,Jako nové (0-50h),,2026-05-03
paragliding_bazar_cz_a,Paragliding Bazar CZ – EN A,CZ,Křídlo EN A UP MANA 27 80-125kg Odlehčeno TK čerstvá TK platná Křídlo EN A UP MANA 27 80-125kg Odlehčeno TK čerstvá TK p,https://paragliding-bazar.cz/cs/offering/up-mana-27-80-125kg-lightened-tc-fresh-tc-valid-6789/,,2020.0,EN A,27,,Létané (100-200h),,2026-05-03
paragliding_bazar_cz_a,Paragliding Bazar CZ – EN A,CZ,"Křídlo EN A Advance Alpha 6 28 85-125kg Křídlo EN A Advance Alpha 6 28 85-125kg 26 795,94 CZK (1 100,00 EUR) EN A Veliko",https://paragliding-bazar.cz/cs/offering/advance-alpha-6-28-85-125kg-6774/,1100.0,2020.0,EN A,28,,Létané (100-200h),,2026-05-03
paragliding_bazar_cz_a,Paragliding Bazar CZ – EN A,CZ,Křídlo EN A BGD Magic M 75-95kg Žádné SIV Nelétáno na písku TK čerstvá S batohem Křídlo EN A BGD Magic M 75-95kg Žádné S,https://paragliding-bazar.cz/cs/offering/bgd-magic-m-75-95kg-no-sivs-no-flying-on-the-sand-tc-fre-6772/,,2022.0,EN A,M,,Létané (100-200h),,2026-05-03
paragliding_bazar_cz_a,Paragliding Bazar CZ – EN A,CZ,"Křídlo EN A Nova Nivo M 80-100kg Listovaný Nové Křídlo EN A Nova Nivo M 80-100kg Listovaný Nové 51 155,88 CZK (2 100,00",https://paragliding-bazar.cz/cs/offering/nova-nivo-m-80-100kg-concertinas-new-6618/,2100.0,2026.0,EN A,M,,Jako nové (0-50h),,2026-05-03
fly_ikarus_ch,Fly Ikarus CH – Occasionen,CH,Gin GTO 3 – Grösse M – Grau – Occasionschirm,https://fly-ikarus.ch/produkt/gin-gto-3-groesse-m-grau-occasionschirm/,2371.0,,,M,,,,2026-05-03
fly_ikarus_ch,Fly Ikarus CH – Occasionen,CH,Niviuk Kode P – 18m – Citrik – Occasion,https://fly-ikarus.ch/produkt/niviuk-kode-p-18m-citrik-occasion/,1762.0,,,,,,,2026-05-03
